"","V1"
"X0.288180039215686",0.288180039215686
"X0.406794458823529",0.406794458823529
"X0.610898858823529",0.610898858823529
"X0.368809235294118",0.368809235294118
"X0.778551623529412",0.778551623529412
"X0.502753705882353",0.502753705882353
"X0.570900678431373",0.570900678431373
"X0.439281529411765",0.439281529411765
"X0.46046917254902",0.46046917254902
"X0.427866933333333",0.427866933333333
"X0.652292007843137",0.652292007843137
"X0.625298149019608",0.625298149019608
"X0.504598749019608",0.504598749019608
"X0.568696298039216",0.568696298039216
"X0.358914807843137",0.358914807843137
"X0.436926850980392",0.436926850980392
"X0.747717698039216",0.747717698039216
"X0.496124035294118",0.496124035294118
"X0.577089654901961",0.577089654901961
"X0.510260592156863",0.510260592156863
"X0.412708905882353",0.412708905882353
"X0.495944729411765",0.495944729411765
"X0.557577576470588",0.557577576470588
"X0.440491352941176",0.440491352941176
"X0.611855152941176",0.611855152941176
"X0.642740745098039",0.642740745098039
"X0.46076002745098",0.46076002745098
"X0.301794278431373",0.301794278431373
"X0.411598745098039",0.411598745098039
"X0.708146898039216",0.708146898039216
"X0.572703584313725",0.572703584313725
"X0.477571098039216",0.477571098039216
"X0.565755368627451",0.565755368627451
"X0.491445047058824",0.491445047058824
"X0.350541717647059",0.350541717647059
"X0.491088047058824",0.491088047058824
"X0.499230066666667",0.499230066666667
"X0.489669478431373",0.489669478431373
"X0.48442417254902",0.48442417254902
"X0.438489776470588",0.438489776470588
"X0.482991525490196",0.482991525490196
"X0.281657062745098",0.281657062745098
"X0.364121078431373",0.364121078431373
"X0.545994843137255",0.545994843137255
"X0.770299780392157",0.770299780392157
"X0.632491607843137",0.632491607843137
"X0.566966215686274",0.566966215686274
"X0.378073066666667",0.378073066666667
"X0.474165141176471",0.474165141176471
"X0.646832160784314",0.646832160784314
"X0.467492337254902",0.467492337254902
"X0.439304356862745",0.439304356862745
"X0.662368403921569",0.662368403921569
"X0.512002792156863",0.512002792156863
"X0.468463643137255",0.468463643137255
"X0.502431098039216",0.502431098039216
"X0.459002839215686",0.459002839215686
"X0.53759528627451",0.53759528627451
"X0.646009952941176",0.646009952941176
"X0.330479564705882",0.330479564705882
"X0.51999871372549",0.51999871372549
"X0.600339",0.600339
"X0.500092341176471",0.500092341176471
"X0.410306654901961",0.410306654901961
"X0.387423643137255",0.387423643137255
"X0.518798254901961",0.518798254901961
"X0.605995466666667",0.605995466666667
"X0.425413580392157",0.425413580392157
"X0.606264964705882",0.606264964705882
"X0.650071674509804",0.650071674509804
"X0.432027423529412",0.432027423529412
"X0.368745847058824",0.368745847058824
"X0.539807494117647",0.539807494117647
"X0.584660898039216",0.584660898039216
"X0.582572803921569",0.582572803921569
"X0.612908447058824",0.612908447058824
"X0.262958694117647",0.262958694117647
"X0.424670266666667",0.424670266666667
"X0.454778592156863",0.454778592156863
"X0.330289321568627",0.330289321568627
"X0.300792003921569",0.300792003921569
"X0.452857411764706",0.452857411764706
"X0.662206270588235",0.662206270588235
"X0.463384905882353",0.463384905882353
"X0.60518837254902",0.60518837254902
"X0.610401737254902",0.610401737254902
"X0.369999098039216",0.369999098039216
"X0.542078823529412",0.542078823529412
"X0.559291443137255",0.559291443137255
"X0.31466448627451",0.31466448627451
"X0.513024584313725",0.513024584313725
"X0.563084090196078",0.563084090196078
"X0.288262474509804",0.288262474509804
"X0.660637345098039",0.660637345098039
"X0.372122325490196",0.372122325490196
"X0.597133988235294",0.597133988235294
"X0.576801325490196",0.576801325490196
"X0.516228498039216",0.516228498039216
"X0.430149721568627",0.430149721568627
"X0.481565207843137",0.481565207843137
"X0.800491603921569",0.800491603921569
"X0.578385564705882",0.578385564705882
"X0.505953223529412",0.505953223529412
"X0.542626650980392",0.542626650980392
"X0.664689921568627",0.664689921568627
"X0.41871037254902",0.41871037254902
"X0.506194466666667",0.506194466666667
"X0.582952541176471",0.582952541176471
"X0.417192431372549",0.417192431372549
"X0.423599784313725",0.423599784313725
"X0.361873647058824",0.361873647058824
"X0.494934482352941",0.494934482352941
"X0.493139482352941",0.493139482352941
"X0.594260584313726",0.594260584313726
"X0.417750219607843",0.417750219607843
"X0.744617564705882",0.744617564705882
"X0.400107211764706",0.400107211764706
"X0.516939745098039",0.516939745098039
"X0.514996129411765",0.514996129411765
"X0.452358407843137",0.452358407843137
"X0.391028694117647",0.391028694117647
"X0.531190415686275",0.531190415686275
"X0.499410564705882",0.499410564705882
"X0.481919164705882",0.481919164705882
"X0.596083925490196",0.596083925490196
"X0.625996",0.625996
"X0.77934171372549",0.77934171372549
"X0.569966984313725",0.569966984313725
"X0.535124556862745",0.535124556862745
"X0.600948364705882",0.600948364705882
"X0.600970176470588",0.600970176470588
"X0.612744619607843",0.612744619607843
"X0.610613188235294",0.610613188235294
"X0.400867058823529",0.400867058823529
"X0.511295501960784",0.511295501960784
"X0.444856525490196",0.444856525490196
"X0.408377043137255",0.408377043137255
"X0.430219215686275",0.430219215686275
"X0.354772168627451",0.354772168627451
"X0.563122031372549",0.563122031372549
"X0.535952631372549",0.535952631372549
"X0.422222619607843",0.422222619607843
"X0.53283442745098",0.53283442745098
"X0.391560552941176",0.391560552941176
"X0.728092462745098",0.728092462745098
"X0.515005294117647",0.515005294117647
"X0.644656090196078",0.644656090196078
"X0.386442498039216",0.386442498039216
"X0.486482007843137",0.486482007843137
"X0.373301631372549",0.373301631372549
"X0.561041168627451",0.561041168627451
"X0.374172568627451",0.374172568627451
"X0.628617760784314",0.628617760784314
"X0.566446219607843",0.566446219607843
"X0.265053717647059",0.265053717647059
"X0.541022298039216",0.541022298039216
"X0.494521741176471",0.494521741176471
"X0.548943454901961",0.548943454901961
"X0.625898070588235",0.625898070588235
"X0.463889337254902",0.463889337254902
"X0.438010101960784",0.438010101960784
"X0.487430388235294",0.487430388235294
"X0.536674407843137",0.536674407843137
"X0.549302388235294",0.549302388235294
"X0.546069019607843",0.546069019607843
"X0.532899133333333",0.532899133333333
"X0.570020768627451",0.570020768627451
"X0.449276901960784",0.449276901960784
"X0.520453784313725",0.520453784313725
"X0.581439592156863",0.581439592156863
"X0.377606341176471",0.377606341176471
"X0.694155270588235",0.694155270588235
"X0.655424796078431",0.655424796078431
"X0.314946494117647",0.314946494117647
"X0.470679356862745",0.470679356862745
"X0.541633156862745",0.541633156862745
"X0.352936337254902",0.352936337254902
"X0.493785223529412",0.493785223529412
"X0.443481909803922",0.443481909803922
"X0.467557098039216",0.467557098039216
"X0.44875451372549",0.44875451372549
"X0.473318678431373",0.473318678431373
"X0.363744843137255",0.363744843137255
"X0.536819007843137",0.536819007843137
"X0.442290878431373",0.442290878431373
"X0.535382678431373",0.535382678431373
"X0.623303015686274",0.623303015686274
"X0.389381423529412",0.389381423529412
"X0.450643541176471",0.450643541176471
"X0.454533788235294",0.454533788235294
"X0.643924529411765",0.643924529411765
"X0.375753878431373",0.375753878431373
"X0.621522788235294",0.621522788235294
"X0.460859674509804",0.460859674509804
"X0.393860607843137",0.393860607843137
"X0.540566333333333",0.540566333333333
"X0.554070423529412",0.554070423529412
"X0.480576709803922",0.480576709803922
"X0.504782266666667",0.504782266666667
"X0.538206678431373",0.538206678431373
"X0.555351866666667",0.555351866666667
"X0.494644917647059",0.494644917647059
"X0.556953368627451",0.556953368627451
"X0.42656477254902",0.42656477254902
"X0.340493474509804",0.340493474509804
"X0.52070231372549",0.52070231372549
"X0.645423262745098",0.645423262745098
"X0.41505922745098",0.41505922745098
"X0.561946705882353",0.561946705882353
"X0.539087603921569",0.539087603921569
"X0.416894792156863",0.416894792156863
"X0.395712929411765",0.395712929411765
"X0.38041908627451",0.38041908627451
"X0.330942384313725",0.330942384313725
"X0.445690560784314",0.445690560784314
"X0.590369815686275",0.590369815686275
"X0.328876450980392",0.328876450980392
"X0.497656188235294",0.497656188235294
"X0.422108596078431",0.422108596078431
"X0.462173839215686",0.462173839215686
"X0.47449302745098",0.47449302745098
"X0.353638956862745",0.353638956862745
"X0.603180270588235",0.603180270588235
"X0.402041203921569",0.402041203921569
"X0.516621694117647",0.516621694117647
"X0.740001333333333",0.740001333333333
"X0.490120725490196",0.490120725490196
"X0.570681835294118",0.570681835294118
"X0.497152270588235",0.497152270588235
"X0.695789980392157",0.695789980392157
"X0.522294054901961",0.522294054901961
"X0.632865643137255",0.632865643137255
"X0.32462648627451",0.32462648627451
"X0.438040188235294",0.438040188235294
"X0.517171690196078",0.517171690196078
"X0.378001462745098",0.378001462745098
"X0.50221137254902",0.50221137254902
"X0.571492647058824",0.571492647058824
"X0.632475898039216",0.632475898039216
"X0.604036266666667",0.604036266666667
"X0.427556094117647",0.427556094117647
"X0.559208184313726",0.559208184313726
"X0.379245360784314",0.379245360784314
"X0.35920442745098",0.35920442745098
"X0.49988442745098",0.49988442745098
"X0.696746650980392",0.696746650980392
"X0.491459768627451",0.491459768627451
"X0.29580862745098",0.29580862745098
"X0.497762411764706",0.497762411764706
"X0.597264094117647",0.597264094117647
"X0.405145482352941",0.405145482352941
"X0.376702317647059",0.376702317647059
"X0.642314654901961",0.642314654901961
"X0.53986531372549",0.53986531372549
"X0.385373219607843",0.385373219607843
"X0.445848031372549",0.445848031372549
"X0.445410490196078",0.445410490196078
"X0.647228376470588",0.647228376470588
"X0.450546262745098",0.450546262745098
"X0.57863688627451",0.57863688627451
"X0.489904505882353",0.489904505882353
"X0.602906745098039",0.602906745098039
"X0.636447447058824",0.636447447058824
"X0.337829364705882",0.337829364705882
"X0.688600898039216",0.688600898039216
"X0.557185533333333",0.557185533333333
"X0.569030058823529",0.569030058823529
"X0.519326831372549",0.519326831372549
"X0.520476870588235",0.520476870588235
"X0.267978819607843",0.267978819607843
"X0.394074815686275",0.394074815686275
"X0.80135808627451",0.80135808627451
"X0.513998509803922",0.513998509803922
"X0.594234050980392",0.594234050980392
"X0.656136525490196",0.656136525490196
"X0.631738188235294",0.631738188235294
"X0.479046568627451",0.479046568627451
"X0.54309557254902",0.54309557254902
"X0.410126670588235",0.410126670588235
"X0.463908870588235",0.463908870588235
"X0.420265733333333",0.420265733333333
"X0.349799231372549",0.349799231372549
"X0.399919149019608",0.399919149019608
"X0.372776596078431",0.372776596078431
"X0.312552901960784",0.312552901960784
"X0.398302698039216",0.398302698039216
"X0.711731866666667",0.711731866666667
"X0.554655192156863",0.554655192156863
"X0.637969803921569",0.637969803921569
"X0.488699254901961",0.488699254901961
"X0.402553988235294",0.402553988235294
"X0.784054141176471",0.784054141176471
"X0.559672368627451",0.559672368627451
"X0.670033466666667",0.670033466666667
"X0.522345694117647",0.522345694117647
"X0.567013976470588",0.567013976470588
"X0.474728149019608",0.474728149019608
"X0.64272531372549",0.64272531372549
"X0.841781584313726",0.841781584313726
"X0.265529925490196",0.265529925490196
"X0.386213933333333",0.386213933333333
"X0.451863717647059",0.451863717647059
"X0.56218342745098",0.56218342745098
"X0.840863854901961",0.840863854901961
"X0.46166108627451",0.46166108627451
"X0.272100894117647",0.272100894117647
"X0.608701141176471",0.608701141176471
"X0.624439725490196",0.624439725490196
"X0.456900215686275",0.456900215686275
"X0.830725756862745",0.830725756862745
"X0.468853039215686",0.468853039215686
"X0.657883050980392",0.657883050980392
"X0.462399345098039",0.462399345098039
"X0.478826878431373",0.478826878431373
"X0.512613603921569",0.512613603921569
"X0.606759776470588",0.606759776470588
"X0.613835305882353",0.613835305882353
"X0.451389450980392",0.451389450980392
"X0.498485992156863",0.498485992156863
"X0.468927678431373",0.468927678431373
"X0.590411356862745",0.590411356862745
"X0.534704149019608",0.534704149019608
"X0.439649678431373",0.439649678431373
"X0.364562239215686",0.364562239215686
"X0.659687996078431",0.659687996078431
"X0.634552145098039",0.634552145098039
"X0.416068701960784",0.416068701960784
"X0.685257678431373",0.685257678431373
"X0.499179435294118",0.499179435294118
"X0.716402211764706",0.716402211764706
"X0.338865247058824",0.338865247058824
"X0.609037078431373",0.609037078431373
"X0.301532956862745",0.301532956862745
"X0.791157470588235",0.791157470588235
"X0.528791949019608",0.528791949019608
"X0.393972725490196",0.393972725490196
"X0.451721596078431",0.451721596078431
"X0.469572160784314",0.469572160784314
"X0.674063890196078",0.674063890196078
"X0.537925780392157",0.537925780392157
"X0.533132396078431",0.533132396078431
"X0.590295345098039",0.590295345098039
"X0.508037078431373",0.508037078431373
"X0.430449933333333",0.430449933333333
"X0.668482196078431",0.668482196078431
"X0.622419345098039",0.622419345098039
"X0.446813949019608",0.446813949019608
"X0.507986411764706",0.507986411764706
"X0.322814898039216",0.322814898039216
"X0.54609662745098",0.54609662745098
"X0.572380835294118",0.572380835294118
"X0.538765250980392",0.538765250980392
"X0.608144858823529",0.608144858823529
"X0.674278525490196",0.674278525490196
"X0.3701118",0.3701118
"X0.438956674509804",0.438956674509804
"X0.412379317647059",0.412379317647059
"X0.598043705882353",0.598043705882353
"X0.438223435294118",0.438223435294118
"X0.621153517647059",0.621153517647059
"X0.443184152941176",0.443184152941176
"X0.475109152941176",0.475109152941176
"X0.539155066666667",0.539155066666667
"X0.357504011764706",0.357504011764706
"X0.435765925490196",0.435765925490196
"X0.921607537254902",0.921607537254902
"X0.443392180392157",0.443392180392157
"X0.535898701960784",0.535898701960784
"X0.395668321568627",0.395668321568627
"X0.569013643137255",0.569013643137255
"X0.5525292",0.5525292
"X0.36356211372549",0.36356211372549
"X0.582498239215686",0.582498239215686
"X0.646802133333333",0.646802133333333
"X0.650761815686275",0.650761815686275
"X0.689792454901961",0.689792454901961
"X0.587297129411765",0.587297129411765
"X0.371861317647059",0.371861317647059
"X0.55536108627451",0.55536108627451
"X0.602188352941176",0.602188352941176
"X0.285290725490196",0.285290725490196
"X0.485495274509804",0.485495274509804
"X0.665833129411765",0.665833129411765
"X0.404562792156863",0.404562792156863
"X0.757508776470588",0.757508776470588
"X0.482153682352941",0.482153682352941
"X0.655855843137255",0.655855843137255
"X0.692746560784314",0.692746560784314
"X0.536030019607843",0.536030019607843
"X0.658178901960784",0.658178901960784
"X0.400353607843137",0.400353607843137
"X0.52503848627451",0.52503848627451
"X0.599112792156863",0.599112792156863
"X0.431977149019608",0.431977149019608
"X0.501503870588235",0.501503870588235
"X0.495446843137255",0.495446843137255
"X0.562218560784314",0.562218560784314
"X0.489868709803922",0.489868709803922
"X0.673589003921569",0.673589003921569
"X0.460722439215686",0.460722439215686
"X0.49357548627451",0.49357548627451
"X0.439224996078431",0.439224996078431
"X0.429282482352941",0.429282482352941
"X0.657367121568627",0.657367121568627
"X0.425234380392157",0.425234380392157
"X0.602401890196078",0.602401890196078
"X0.334852615686275",0.334852615686275
"X0.686499580392157",0.686499580392157
"X0.443645545098039",0.443645545098039
"X0.639497811764706",0.639497811764706
"X0.543973278431373",0.543973278431373
"X0.415713658823529",0.415713658823529
"X0.441766682352941",0.441766682352941
"X0.387539603921569",0.387539603921569
"X0.342757478431373",0.342757478431373
"X0.398637474509804",0.398637474509804
"X0.636475309803922",0.636475309803922
"X0.407162960784314",0.407162960784314
"X0.527735996078431",0.527735996078431
"X0.433755992156863",0.433755992156863
"X0.589569188235294",0.589569188235294
"X0.65711802745098",0.65711802745098
"X0.331664431372549",0.331664431372549
"X0.444836231372549",0.444836231372549
"X0.612272619607843",0.612272619607843
"X0.640102325490196",0.640102325490196
"X0.498291960784314",0.498291960784314
"X0.639867603921569",0.639867603921569
"X0.491228552941176",0.491228552941176
"X0.58820188627451",0.58820188627451
"X0.617384878431373",0.617384878431373
"X0.35286631372549",0.35286631372549
"X0.344548443137255",0.344548443137255
"X0.577794364705882",0.577794364705882
"X0.66390522745098",0.66390522745098
"X0.477744254901961",0.477744254901961
"X0.652733760784314",0.652733760784314
"X0.503889945098039",0.503889945098039
"X0.280444690196078",0.280444690196078
"X0.693568003921569",0.693568003921569
"X0.489219831372549",0.489219831372549
"X0.524218105882353",0.524218105882353
"X0.512507266666667",0.512507266666667
"X0.443298901960784",0.443298901960784
"X0.528686043137255",0.528686043137255
"X0.560684996078431",0.560684996078431
"X0.496357231372549",0.496357231372549
"X0.620631180392157",0.620631180392157
"X0.736936988235294",0.736936988235294
"X0.570574243137255",0.570574243137255
"X0.404271709803922",0.404271709803922
"X0.691838784313725",0.691838784313725
"X0.462835521568627",0.462835521568627
"X0.466184047058824",0.466184047058824
"X0.602836819607843",0.602836819607843
"X0.529267941176471",0.529267941176471
"X0.452936968627451",0.452936968627451
"X0.429350729411765",0.429350729411765
"X0.455168525490196",0.455168525490196
"X0.581712258823529",0.581712258823529
"X0.580192376470588",0.580192376470588
"X0.555854450980392",0.555854450980392
"X0.630608815686274",0.630608815686274
"X0.605181443137255",0.605181443137255
"X0.525894501960784",0.525894501960784
"X0.581988",0.581988
"X0.634603607843137",0.634603607843137
"X0.545809509803922",0.545809509803922
"X0.561352129411765",0.561352129411765
"X0.54257688627451",0.54257688627451
"X0.176485258823529",0.176485258823529
"X0.5117804",0.5117804
"X0.565607278431373",0.565607278431373
"X0.564639619607843",0.564639619607843
"X0.492303631372549",0.492303631372549
"X0.691346345098039",0.691346345098039
"X0.489452223529412",0.489452223529412
"X0.471675533333333",0.471675533333333
"X0.397528215686274",0.397528215686274
"X0.565401752941176",0.565401752941176
"X0.488977552941176",0.488977552941176
"X0.506718537254902",0.506718537254902
"X0.649382760784314",0.649382760784314
"X0.648940403921569",0.648940403921569
"X0.418609239215686",0.418609239215686
"X0.353810584313725",0.353810584313725
"X0.547683823529412",0.547683823529412
"X0.60590402745098",0.60590402745098
"X0.550820117647059",0.550820117647059
"X0.515609352941176",0.515609352941176
"X0.704649015686274",0.704649015686274
"X0.631810098039216",0.631810098039216
"X0.3109236",0.3109236
"X0.549337305882353",0.549337305882353
"X0.47466471372549",0.47466471372549
"X0.450967054901961",0.450967054901961
"X0.396001035294118",0.396001035294118
"X0.47379648627451",0.47379648627451
"X0.557263450980392",0.557263450980392
"X0.629572133333333",0.629572133333333
"X0.426230337254902",0.426230337254902
"X0.495859054901961",0.495859054901961
"X0.380792290196078",0.380792290196078
"X0.865276305882353",0.865276305882353
"X0.567579776470588",0.567579776470588
"X0.644447035294118",0.644447035294118
"X0.569369317647059",0.569369317647059
"X0.64125691372549",0.64125691372549
"X0.442365325490196",0.442365325490196
"X0.540686894117647",0.540686894117647
"X0.426394764705882",0.426394764705882
"X0.511771964705882",0.511771964705882
"X0.528950376470588",0.528950376470588
"X0.656827145098039",0.656827145098039
"X0.558399039215686",0.558399039215686
"X0.373717619607843",0.373717619607843
"X0.746528996078431",0.746528996078431
"X0.518187129411765",0.518187129411765
"X0.739284517647059",0.739284517647059
"X0.480537431372549",0.480537431372549
"X0.851019450980392",0.851019450980392
"X0.39566068627451",0.39566068627451
"X0.591496184313726",0.591496184313726
"X0.627850894117647",0.627850894117647
"X0.624559890196078",0.624559890196078
"X0.479698619607843",0.479698619607843
"X0.730582580392157",0.730582580392157
"X0.351830098039216",0.351830098039216
"X0.501237815686274",0.501237815686274
"X0.60848228627451",0.60848228627451
"X0.32499702745098",0.32499702745098
"X0.763809905882353",0.763809905882353
"X0.543715968627451",0.543715968627451
"X0.662330262745098",0.662330262745098
"X0.469144956862745",0.469144956862745
"X0.621465054901961",0.621465054901961
"X0.710268996078431",0.710268996078431
"X0.553431768627451",0.553431768627451
"X0.531962721568627",0.531962721568627
"X0.518614098039216",0.518614098039216
"X0.867614290196078",0.867614290196078
"X0.350991780392157",0.350991780392157
"X0.607577325490196",0.607577325490196
"X0.531993047058824",0.531993047058824
"X0.534714360784314",0.534714360784314
"X0.532216341176471",0.532216341176471
"X0.344965811764706",0.344965811764706
"X0.413276682352941",0.413276682352941
"X0.593439956862745",0.593439956862745
"X0.470445796078431",0.470445796078431
"X0.503263650980392",0.503263650980392
"X0.576484282352941",0.576484282352941
"X0.53433537254902",0.53433537254902
"X0.396029874509804",0.396029874509804
"X0.388495380392157",0.388495380392157
"X0.496835729411765",0.496835729411765
"X0.755470984313726",0.755470984313726
"X0.399240533333333",0.399240533333333
"X0.526616760784314",0.526616760784314
"X0.445497384313725",0.445497384313725
"X0.658157847058824",0.658157847058824
"X0.519943933333333",0.519943933333333
"X0.493988392156863",0.493988392156863
"X0.507732698039216",0.507732698039216
"X0.472901435294118",0.472901435294118
"X0.566091819607843",0.566091819607843
"X0.562743266666667",0.562743266666667
"X0.462889141176471",0.462889141176471
"X0.516829788235294",0.516829788235294
"X0.533979662745098",0.533979662745098
"X0.469186349019608",0.469186349019608
"X0.656761274509804",0.656761274509804
"X0.690841380392157",0.690841380392157
"X0.662372537254902",0.662372537254902
"X0.668886070588235",0.668886070588235
"X0.612930082352941",0.612930082352941
"X0.487562168627451",0.487562168627451
"X0.590957298039216",0.590957298039216
"X0.467251407843137",0.467251407843137
"X0.558909517647059",0.558909517647059
"X0.618004866666667",0.618004866666667
"X0.473510654901961",0.473510654901961
"X0.71218317254902",0.71218317254902
"X0.539625898039216",0.539625898039216
"X0.440060262745098",0.440060262745098
"X0.737142145098039",0.737142145098039
"X0.588181945098039",0.588181945098039
"X0.776106274509804",0.776106274509804
"X0.597082176470588",0.597082176470588
"X0.644542247058824",0.644542247058824
"X0.570867423529412",0.570867423529412
"X0.662230376470588",0.662230376470588
"X0.420651458823529",0.420651458823529
"X0.531972066666667",0.531972066666667
"X0.532908321568627",0.532908321568627
"X0.697120721568627",0.697120721568627
"X0.577817580392157",0.577817580392157
"X0.572185094117647",0.572185094117647
"X0.659139780392157",0.659139780392157
"X0.681192866666667",0.681192866666667
"X0.488847619607843",0.488847619607843
"X0.515279854901961",0.515279854901961
"X0.375729215686274",0.375729215686274
"X0.572322909803922",0.572322909803922
"X0.576649423529412",0.576649423529412
"X0.624500870588235",0.624500870588235
"X0.362651380392157",0.362651380392157
"X0.536010478431373",0.536010478431373
"X0.500403509803922",0.500403509803922
"X0.521248498039216",0.521248498039216
"X0.771995329411765",0.771995329411765
"X0.536847235294118",0.536847235294118
"X0.460731450980392",0.460731450980392
"X0.625559133333333",0.625559133333333
"X0.5154754",0.5154754
"X0.357178694117647",0.357178694117647
"X0.465985156862745",0.465985156862745
"X0.501325203921569",0.501325203921569
"X0.611331090196078",0.611331090196078
"X0.506330858823529",0.506330858823529
"X0.619971670588235",0.619971670588235
"X0.595906031372549",0.595906031372549
"X0.574862164705882",0.574862164705882
"X0.362266866666667",0.362266866666667
"X0.694262768627451",0.694262768627451
"X0.440672047058824",0.440672047058824
"X0.391349505882353",0.391349505882353
"X0.434271909803922",0.434271909803922
"X0.511175243137255",0.511175243137255
"X0.448592992156863",0.448592992156863
"X0.421573341176471",0.421573341176471
"X0.488882023529412",0.488882023529412
"X0.770284329411765",0.770284329411765
"X0.601008807843137",0.601008807843137
"X0.607800380392157",0.607800380392157
"X0.748635160784314",0.748635160784314
"X0.520680580392157",0.520680580392157
"X0.291045035294118",0.291045035294118
"X0.497781674509804",0.497781674509804
"X0.66737",0.66737
"X0.365943768627451",0.365943768627451
"X0.675267101960784",0.675267101960784
"X0.30430417254902",0.30430417254902
"X0.56211057254902",0.56211057254902
"X0.318089317647059",0.318089317647059
"X0.449055921568627",0.449055921568627
"X0.555157329411765",0.555157329411765
"X0.631309964705882",0.631309964705882
"X0.404155007843137",0.404155007843137
"X0.600644266666667",0.600644266666667
"X0.575841721568627",0.575841721568627
"X0.456141054901961",0.456141054901961
"X0.470173423529412",0.470173423529412
"X0.609578694117647",0.609578694117647
"X0.731410525490196",0.731410525490196
"X0.343370094117647",0.343370094117647
"X0.385355",0.385355
"X0.529179270588235",0.529179270588235
"X0.493481549019608",0.493481549019608
"X0.58787017254902",0.58787017254902
"X0.375760439215686",0.375760439215686
"X0.556095109803922",0.556095109803922
"X0.500971294117647",0.500971294117647
"X0.769631101960784",0.769631101960784
"X0.33015257254902",0.33015257254902
"X0.59767391372549",0.59767391372549
"X0.712218976470588",0.712218976470588
"X0.445355525490196",0.445355525490196
"X0.318288043137255",0.318288043137255
"X0.444756552941176",0.444756552941176
"X0.467689509803922",0.467689509803922
"X0.358819749019608",0.358819749019608
"X0.466464129411765",0.466464129411765
"X0.513589078431373",0.513589078431373
"X0.553201411764706",0.553201411764706
"X0.539228952941176",0.539228952941176
"X0.641688839215686",0.641688839215686
"X0.492443309803922",0.492443309803922
"X0.456821121568627",0.456821121568627
"X0.465245235294118",0.465245235294118
"X0.666706694117647",0.666706694117647
"X0.446874215686275",0.446874215686275
"X0.587959780392157",0.587959780392157
"X0.442434721568627",0.442434721568627
"X0.597444654901961",0.597444654901961
"X0.550600266666667",0.550600266666667
"X0.464649352941176",0.464649352941176
"X0.562940509803922",0.562940509803922
"X0.534254682352941",0.534254682352941
"X0.655688054901961",0.655688054901961
"X0.515183298039216",0.515183298039216
"X0.444280321568627",0.444280321568627
"X0.518905047058824",0.518905047058824
"X0.543887443137255",0.543887443137255
"X0.477861650980392",0.477861650980392
"X0.508015007843137",0.508015007843137
"X0.507216305882353",0.507216305882353
"X0.593809317647059",0.593809317647059
"X0.472020796078431",0.472020796078431
"X0.498485725490196",0.498485725490196
"X0.459252549019608",0.459252549019608
"X0.486264305882353",0.486264305882353
"X0.51878768627451",0.51878768627451
"X0.5463868",0.5463868
"X0.442990047058824",0.442990047058824
"X0.444730039215686",0.444730039215686
"X0.596033721568627",0.596033721568627
"X0.467772882352941",0.467772882352941
"X0.546390498039216",0.546390498039216
"X0.409224733333333",0.409224733333333
"X0.618386815686275",0.618386815686275
"X0.559401207843137",0.559401207843137
"X0.647278835294118",0.647278835294118
"X0.591044239215686",0.591044239215686
"X0.366825215686275",0.366825215686275
"X0.528134",0.528134
"X0.421905211764706",0.421905211764706
"X0.617625223529412",0.617625223529412
"X0.518730431372549",0.518730431372549
"X0.571097705882353",0.571097705882353
"X0.564141215686275",0.564141215686275
"X0.449884011764706",0.449884011764706
"X0.445242419607843",0.445242419607843
"X0.65971082745098",0.65971082745098
"X0.472010164705882",0.472010164705882
"X0.577850129411765",0.577850129411765
"X0.427034168627451",0.427034168627451
"X0.472553443137255",0.472553443137255
"X0.463877729411765",0.463877729411765
"X0.525567964705882",0.525567964705882
"X0.474475305882353",0.474475305882353
"X0.431924537254902",0.431924537254902
"X0.484424474509804",0.484424474509804
"X0.391793447058824",0.391793447058824
"X0.540523035294118",0.540523035294118
"X0.452084188235294",0.452084188235294
"X0.451222494117647",0.451222494117647
"X0.432014109803922",0.432014109803922
"X0.430941615686275",0.430941615686275
"X0.436545384313725",0.436545384313725
"X0.381513356862745",0.381513356862745
"X0.316484258823529",0.316484258823529
"X0.340067776470588",0.340067776470588
"X0.360774505882353",0.360774505882353
"X0.317556007843137",0.317556007843137
"X0.523483341176471",0.523483341176471
"X0.448853678431373",0.448853678431373
"X0.515431866666667",0.515431866666667
"X0.403371745098039",0.403371745098039
"X0.552259349019608",0.552259349019608
"X0.430068580392157",0.430068580392157
"X0.276706141176471",0.276706141176471
"X0.558245141176471",0.558245141176471
"X0.460278552941176",0.460278552941176
"X0.406628792156863",0.406628792156863
"X0.373421494117647",0.373421494117647
"X0.469683360784314",0.469683360784314
"X0.493345145098039",0.493345145098039
"X0.41784342745098",0.41784342745098
"X0.397926019607843",0.397926019607843
"X0.748077831372549",0.748077831372549
"X0.735996521568627",0.735996521568627
"X0.736343988235294",0.736343988235294
"X0.732631725490196",0.732631725490196
"X0.811569192156863",0.811569192156863
"X0.726815949019608",0.726815949019608
"X0.693065666666667",0.693065666666667
"X0.369111682352941",0.369111682352941
"X0.852085733333333",0.852085733333333
"X0.834403525490196",0.834403525490196
"X0.671178509803922",0.671178509803922
"X0.797741705882353",0.797741705882353
"X0.730202533333333",0.730202533333333
"X0.639468039215686",0.639468039215686
"X0.738537545098039",0.738537545098039
"X0.732610615686275",0.732610615686275
"X0.739305341176471",0.739305341176471
"X0.7768144",0.7768144
"X0.490982541176471",0.490982541176471
"X0.511258258823529",0.511258258823529
"X0.711972607843137",0.711972607843137
"X0.571920368627451",0.571920368627451
"X0.690564980392157",0.690564980392157
"X0.729768752941176",0.729768752941176
"X0.704322611764706",0.704322611764706
"X0.68397848627451",0.68397848627451
"X0.709789941176471",0.709789941176471
"X0.798750384313725",0.798750384313725
"X0.567699780392157",0.567699780392157
"X0.734082670588235",0.734082670588235
"X0.394782125490196",0.394782125490196
"X0.652265223529412",0.652265223529412
"X0.652707721568627",0.652707721568627
"X0.824560576470588",0.824560576470588
"X0.540501133333333",0.540501133333333
"X0.631556078431373",0.631556078431373
"X0.613621988235294",0.613621988235294
"X0.719440207843137",0.719440207843137
"X0.587856776470588",0.587856776470588
"X0.174487501960784",0.174487501960784
"X0.419253298039216",0.419253298039216
"X0.549087819607843",0.549087819607843
"X0.507516937254902",0.507516937254902
"X0.412987345098039",0.412987345098039
"X0.441356121568627",0.441356121568627
"X0.459709317647059",0.459709317647059
"X0.317068121568627",0.317068121568627
"X0.477523188235294",0.477523188235294
"X0.458778047058824",0.458778047058824
"X0.483199203921569",0.483199203921569
"X0.577337329411765",0.577337329411765
"X0.335359266666667",0.335359266666667
"X0.45518677254902",0.45518677254902
"X0.472700811764706",0.472700811764706
"X0.517388247058824",0.517388247058824
"X0.533180925490196",0.533180925490196
"X0.428230337254902",0.428230337254902
"X0.542654247058823",0.542654247058823
"X0.315749274509804",0.315749274509804
"X0.417014478431373",0.417014478431373
"X0.466182537254902",0.466182537254902
"X0.564125337254902",0.564125337254902
"X0.502244341176471",0.502244341176471
"X0.599262109803922",0.599262109803922
"X0.473504839215686",0.473504839215686
"X0.376755752941176",0.376755752941176
"X0.504299325490196",0.504299325490196
"X0.443137635294118",0.443137635294118
"X0.744493870588235",0.744493870588235
"X0.594260149019608",0.594260149019608
"X0.509365776470588",0.509365776470588
"X0.61524877254902",0.61524877254902
"X0.513947274509804",0.513947274509804
"X0.553269807843137",0.553269807843137
"X0.435812611764706",0.435812611764706
"X0.492731847058824",0.492731847058824
"X0.570504082352941",0.570504082352941
"X0.658222576470588",0.658222576470588
"X0.615413231372549",0.615413231372549
"X0.382438454901961",0.382438454901961
"X0.624918501960784",0.624918501960784
"X0.695608239215686",0.695608239215686
"X0.476085243137255",0.476085243137255
"X0.450615356862745",0.450615356862745
"X0.505475815686275",0.505475815686275
"X0.754690035294118",0.754690035294118
"X0.573111352941176",0.573111352941176
"X0.434247439215686",0.434247439215686
"X0.614170847058824",0.614170847058824
"X0.630500023529412",0.630500023529412
"X0.48868608627451",0.48868608627451
"X0.592369050980392",0.592369050980392
"X0.499832125490196",0.499832125490196
"X0.469583419607843",0.469583419607843
"X0.481553858823529",0.481553858823529
"X0.378354145098039",0.378354145098039
"X0.48403928627451",0.48403928627451
"X0.370372070588235",0.370372070588235
"X0.578087070588235",0.578087070588235
"X0.458732082352941",0.458732082352941
"X0.463132819607843",0.463132819607843
"X0.648904956862745",0.648904956862745
"X0.564725964705882",0.564725964705882
"X0.404987419607843",0.404987419607843
"X0.524666098039216",0.524666098039216
"X0.556306058823529",0.556306058823529
"X0.598844568627451",0.598844568627451
"X0.554972658823529",0.554972658823529
"X0.383174752941176",0.383174752941176
"X0.37234682745098",0.37234682745098
"X0.471788482352941",0.471788482352941
"X0.562403717647059",0.562403717647059
"X0.583924611764706",0.583924611764706
"X0.437203494117647",0.437203494117647
"X0.348625819607843",0.348625819607843
"X0.504253478431373",0.504253478431373
"X0.501926560784314",0.501926560784314
"X0.443513341176471",0.443513341176471
"X0.459085874509804",0.459085874509804
"X0.44293848627451",0.44293848627451
"X0.472331466666667",0.472331466666667
"X0.542746050980392",0.542746050980392
"X0.515498294117647",0.515498294117647
"X0.460335282352941",0.460335282352941
"X0.523268866666667",0.523268866666667
"X0.543212925490196",0.543212925490196
"X0.446754701960784",0.446754701960784
"X0.523170247058824",0.523170247058824
"X0.478860474509804",0.478860474509804
"X0.459952133333333",0.459952133333333
"X0.434726156862745",0.434726156862745
"X0.292272466666667",0.292272466666667
"X0.473232149019608",0.473232149019608
"X0.552368368627451",0.552368368627451
"X0.624096023529412",0.624096023529412
"X0.566340184313725",0.566340184313725
"X0.500205011764706",0.500205011764706
"X0.473329309803922",0.473329309803922
"X0.628573443137255",0.628573443137255
"X0.555985211764706",0.555985211764706
"X0.421396917647059",0.421396917647059
"X0.452980090196078",0.452980090196078
"X0.432026098039216",0.432026098039216
"X0.452856349019608",0.452856349019608
"X0.501473062745098",0.501473062745098
"X0.466251792156863",0.466251792156863
"X0.449317101960784",0.449317101960784
"X0.419992784313725",0.419992784313725
"X0.611755843137255",0.611755843137255
"X0.398351298039216",0.398351298039216
"X0.352384364705882",0.352384364705882
"X0.462652470588235",0.462652470588235
"X0.342134274509804",0.342134274509804
"X0.568173643137255",0.568173643137255
"X0.440430325490196",0.440430325490196
"X0.594474643137255",0.594474643137255
"X0.39541082745098",0.39541082745098
"X0.636749956862745",0.636749956862745
"X0.274757196078431",0.274757196078431
"X0.481628317647059",0.481628317647059
"X0.535491878431373",0.535491878431373
"X0.351609262745098",0.351609262745098
"X0.387501917647059",0.387501917647059
"X0.615587525490196",0.615587525490196
"X0.453888384313725",0.453888384313725
"X0.535094298039216",0.535094298039216
"X0.384682541176471",0.384682541176471
"X0.418739898039216",0.418739898039216
"X0.6389864",0.6389864
"X0.651134317647059",0.651134317647059
"X0.598480556862745",0.598480556862745
"X0.569761596078431",0.569761596078431
"X0.644799717647059",0.644799717647059
"X0.565349984313726",0.565349984313726
"X0.466492639215686",0.466492639215686
"X0.578324384313725",0.578324384313725
"X0.456157254901961",0.456157254901961
"X0.818703952941176",0.818703952941176
"X0.706390996078431",0.706390996078431
"X0.413049823529412",0.413049823529412
"X0.668697109803922",0.668697109803922
"X0.439429741176471",0.439429741176471
"X0.470205282352941",0.470205282352941
"X0.530006447058823",0.530006447058823
"X0.350155309803922",0.350155309803922
"X0.493317537254902",0.493317537254902
"X0.561761066666667",0.561761066666667
"X0.328104905882353",0.328104905882353
"X0.555719023529412",0.555719023529412
"X0.496494133333333",0.496494133333333
"X0.472857301960784",0.472857301960784
"X0.701190239215686",0.701190239215686
"X0.58556651372549",0.58556651372549
"X0.453772549019608",0.453772549019608
"X0.551148364705882",0.551148364705882
"X0.605469850980392",0.605469850980392
"X0.567637956862745",0.567637956862745
"X0.521754588235294",0.521754588235294
"X0.541100305882353",0.541100305882353
"X0.489301576470588",0.489301576470588
"X0.400003792156863",0.400003792156863
"X0.582022596078431",0.582022596078431
"X0.355099674509804",0.355099674509804
"X0.576597133333333",0.576597133333333
"X0.648628188235294",0.648628188235294
"X0.684034333333333",0.684034333333333
"X0.490022247058824",0.490022247058824
"X0.351387964705882",0.351387964705882
"X0.46272722745098",0.46272722745098
"X0.275655784313726",0.275655784313726
"X0.537169560784314",0.537169560784314
"X0.406256",0.406256
"X0.610367407843137",0.610367407843137
"X0.524365580392157",0.524365580392157
"X0.743316188235294",0.743316188235294
"X0.61620577254902",0.61620577254902
"X0.395746952941176",0.395746952941176
"X0.475001811764706",0.475001811764706
"X0.371861650980392",0.371861650980392
"X0.3667882",0.3667882
"X0.332141219607843",0.332141219607843
"X0.231875952941176",0.231875952941176
"X0.303773905882353",0.303773905882353
"X0.296410325490196",0.296410325490196
"X0.420853545098039",0.420853545098039
"X0.56201411372549",0.56201411372549
"X0.489942501960784",0.489942501960784
"X0.475949105882353",0.475949105882353
"X0.511063847058824",0.511063847058824
"X0.624254145098039",0.624254145098039
"X0.499534929411765",0.499534929411765
"X0.515240584313725",0.515240584313725
"X0.513393109803922",0.513393109803922
"X0.40398648627451",0.40398648627451
"X0.435682050980392",0.435682050980392
"X0.500380058823529",0.500380058823529
"X0.631519282352941",0.631519282352941
"X0.512537843137255",0.512537843137255
"X0.566165537254902",0.566165537254902
"X0.509407168627451",0.509407168627451
"X0.629921243137255",0.629921243137255
"X0.454294952941176",0.454294952941176
"X0.604428584313725",0.604428584313725
"X0.617856317647059",0.617856317647059
"X0.460189584313725",0.460189584313725
"X0.555790611764706",0.555790611764706
"X0.342039733333333",0.342039733333333
"X0.462896949019608",0.462896949019608
"X0.497321623529412",0.497321623529412
"X0.355149749019608",0.355149749019608
"X0.485355796078431",0.485355796078431
"X0.384125603921569",0.384125603921569
"X0.584932078431373",0.584932078431373
"X0.474949321568627",0.474949321568627
"X0.449531537254902",0.449531537254902
"X0.57612328627451",0.57612328627451
"X0.478183498039216",0.478183498039216
"X0.409618949019608",0.409618949019608
"X0.453610980392157",0.453610980392157
"X0.624231682352941",0.624231682352941
"X0.520550917647059",0.520550917647059
"X0.598619078431373",0.598619078431373
"X0.401567537254902",0.401567537254902
"X0.47730051372549",0.47730051372549
"X0.502789666666667",0.502789666666667
"X0.499568678431373",0.499568678431373
"X0.474558929411765",0.474558929411765
"X0.523254066666667",0.523254066666667
"X0.408343274509804",0.408343274509804
"X0.586112498039216",0.586112498039216
"X0.51902008627451",0.51902008627451
"X0.376755203921569",0.376755203921569
"X0.481635666666667",0.481635666666667
"X0.485818588235294",0.485818588235294
"X0.350846305882353",0.350846305882353
"X0.59948108627451",0.59948108627451
"X0.366983580392157",0.366983580392157
"X0.423377529411765",0.423377529411765
"X0.535411517647059",0.535411517647059
"X0.494439576470588",0.494439576470588
"X0.685417384313725",0.685417384313725
"X0.439687858823529",0.439687858823529
"X0.439159325490196",0.439159325490196
"X0.494062184313726",0.494062184313726
"X0.626818733333333",0.626818733333333
"X0.444867639215686",0.444867639215686
"X0.384607470588235",0.384607470588235
"X0.477420541176471",0.477420541176471
"X0.537938435294118",0.537938435294118
"X0.591411380392157",0.591411380392157
"X0.435993803921569",0.435993803921569
"X0.396470741176471",0.396470741176471
"X0.612155870588235",0.612155870588235
"X0.546785839215686",0.546785839215686
"X0.44457757254902",0.44457757254902
"X0.432648592156863",0.432648592156863
"X0.432069917647059",0.432069917647059
"X0.592630250980392",0.592630250980392
"X0.646273694117647",0.646273694117647
"X0.395850458823529",0.395850458823529
"X0.464655094117647",0.464655094117647
"X0.541074721568627",0.541074721568627
"X0.58537988627451",0.58537988627451
"X0.556194901960784",0.556194901960784
"X0.635896384313726",0.635896384313726
"X0.551869321568627",0.551869321568627
"X0.501609376470588",0.501609376470588
"X0.533386333333333",0.533386333333333
"X0.451690811764706",0.451690811764706
"X0.464990470588235",0.464990470588235
"X0.550592207843137",0.550592207843137
"X0.615681168627451",0.615681168627451
"X0.58573388627451",0.58573388627451
"X0.401582317647059",0.401582317647059
"X0.447014760784314",0.447014760784314
"X0.409486854901961",0.409486854901961
"X0.604821482352941",0.604821482352941
"X0.39812351372549",0.39812351372549
"X0.450461482352941",0.450461482352941
"X0.509150211764706",0.509150211764706
"X0.611678525490196",0.611678525490196
"X0.396308917647059",0.396308917647059
"X0.586753082352941",0.586753082352941
"X0.6105316",0.6105316
"X0.401583647058824",0.401583647058824
"X0.539040254901961",0.539040254901961
"X0.445038007843137",0.445038007843137
"X0.287338976470588",0.287338976470588
"X0.525231839215686",0.525231839215686
"X0.454376807843137",0.454376807843137
"X0.45204722745098",0.45204722745098
"X0.5204874",0.5204874
"X0.581894266666667",0.581894266666667
"X0.622449168627451",0.622449168627451
"X0.556907317647059",0.556907317647059
"X0.528677274509804",0.528677274509804
"X0.548677784313725",0.548677784313725
"X0.5236894",0.5236894
"X0.422604560784314",0.422604560784314
"X0.53531528627451",0.53531528627451
"X0.516914345098039",0.516914345098039
"X0.494095960784314",0.494095960784314
"X0.568121149019608",0.568121149019608
"X0.5510236",0.5510236
"X0.418272164705882",0.418272164705882
"X0.475680615686275",0.475680615686275
"X0.550964003921569",0.550964003921569
"X0.718811219607843",0.718811219607843
"X0.492455670588235",0.492455670588235
"X0.426963631372549",0.426963631372549
"X0.358491670588235",0.358491670588235
"X0.501025698039216",0.501025698039216
"X0.431812815686274",0.431812815686274
"X0.49596357254902",0.49596357254902
"X0.510788207843137",0.510788207843137
"X0.405809047058824",0.405809047058824
"X0.489036768627451",0.489036768627451
"X0.52426411372549",0.52426411372549
"X0.428284509803922",0.428284509803922
"X0.449463317647059",0.449463317647059
"X0.810628807843137",0.810628807843137
"X0.634911403921569",0.634911403921569
"X0.549962745098039",0.549962745098039
"X0.435726745098039",0.435726745098039
"X0.612879607843137",0.612879607843137
"X0.446922498039216",0.446922498039216
"X0.405964725490196",0.405964725490196
"X0.591617807843137",0.591617807843137
"X0.536758403921569",0.536758403921569
"X0.396950529411765",0.396950529411765
"X0.486556811764706",0.486556811764706
"X0.531122411764706",0.531122411764706
"X0.4009498",0.4009498
"X0.643113349019608",0.643113349019608
"X0.396840149019608",0.396840149019608
"X0.491313188235294",0.491313188235294
"X0.455865090196078",0.455865090196078
"X0.550955854901961",0.550955854901961
"X0.58042991372549",0.58042991372549
"X0.493922631372549",0.493922631372549
"X0.525665039215686",0.525665039215686
"X0.448657",0.448657
"X0.506515647058824",0.506515647058824
"X0.45303468627451",0.45303468627451
"X0.525878615686274",0.525878615686274
"X0.600207690196078",0.600207690196078
"X0.643747674509804",0.643747674509804
"X0.568365870588235",0.568365870588235
"X0.564724023529412",0.564724023529412
"X0.68348948627451",0.68348948627451
"X0.469191054901961",0.469191054901961
"X0.304798054901961",0.304798054901961
"X0.575493058823529",0.575493058823529
"X0.433642270588235",0.433642270588235
"X0.367484415686274",0.367484415686274
"X0.462637392156863",0.462637392156863
"X0.505554345098039",0.505554345098039
"X0.510720298039216",0.510720298039216
"X0.584654011764706",0.584654011764706
"X0.367980482352941",0.367980482352941
"X0.669679301960784",0.669679301960784
"X0.365192564705882",0.365192564705882
"X0.701971945098039",0.701971945098039
"X0.490009337254902",0.490009337254902
"X0.455629643137255",0.455629643137255
"X0.359732329411765",0.359732329411765
"X0.354708956862745",0.354708956862745
"X0.634927141176471",0.634927141176471
"X0.682528752941176",0.682528752941176
"X0.457014956862745",0.457014956862745
"X0.755499380392157",0.755499380392157
"X0.470466780392157",0.470466780392157
"X0.45900028627451",0.45900028627451
"X0.408147019607843",0.408147019607843
"X0.514712454901961",0.514712454901961
"X0.503482247058823",0.503482247058823
"X0.342529819607843",0.342529819607843
"X0.480588298039216",0.480588298039216
"X0.570401796078431",0.570401796078431
"X0.400982",0.400982
"X0.553602180392157",0.553602180392157
"X0.469051705882353",0.469051705882353
"X0.443144407843137",0.443144407843137
"X0.417521898039216",0.417521898039216
"X0.472383203921569",0.472383203921569
"X0.656755792156863",0.656755792156863
"X0.63070502745098",0.63070502745098
"X0.478885858823529",0.478885858823529
"X0.209969619607843",0.209969619607843
"X0.480653392156863",0.480653392156863
"X0.599375188235294",0.599375188235294
"X0.461379164705882",0.461379164705882
"X0.513874850980392",0.513874850980392
"X0.521442396078431",0.521442396078431
"X0.436969019607843",0.436969019607843
"X0.556974321568627",0.556974321568627
"X0.555895223529412",0.555895223529412
"X0.713583454901961",0.713583454901961
"X0.802895223529412",0.802895223529412
"X0.503394615686275",0.503394615686275
"X0.351537760784314",0.351537760784314
"X0.386206356862745",0.386206356862745
"X0.697244733333333",0.697244733333333
"X0.624444125490196",0.624444125490196
"X0.505618666666667",0.505618666666667
"X0.501935647058824",0.501935647058824
"X0.533658192156863",0.533658192156863
"X0.381175635294118",0.381175635294118
"X0.576464717647059",0.576464717647059
"X0.500017584313725",0.500017584313725
"X0.464230639215686",0.464230639215686
"X0.498585341176471",0.498585341176471
"X0.423979749019608",0.423979749019608
"X0.273235458823529",0.273235458823529
"X0.480820717647059",0.480820717647059
"X0.507550862745098",0.507550862745098
"X0.359690090196078",0.359690090196078
"X0.415095501960784",0.415095501960784
"X0.438980494117647",0.438980494117647
"X0.7006524",0.7006524
"X0.633494031372549",0.633494031372549
"X0.538094054901961",0.538094054901961
"X0.454372039215686",0.454372039215686
"X0.514539576470588",0.514539576470588
"X0.586118545098039",0.586118545098039
"X0.51063837254902",0.51063837254902
"X0.272575458823529",0.272575458823529
"X0.499991003921569",0.499991003921569
"X0.399506819607843",0.399506819607843
"X0.51783722745098",0.51783722745098
"X0.424495705882353",0.424495705882353
"X0.436269909803922",0.436269909803922
"X0.413306839215686",0.413306839215686
"X0.447045164705882",0.447045164705882
"X0.537783576470588",0.537783576470588
"X0.406093105882353",0.406093105882353
"X0.481642984313725",0.481642984313725
"X0.394376815686275",0.394376815686275
"X0.347423623529412",0.347423623529412
"X0.460566890196078",0.460566890196078
"X0.562705760784314",0.562705760784314
"X0.691755968627451",0.691755968627451
"X0.610065090196078",0.610065090196078
"X0.544881270588235",0.544881270588235
"X0.653116439215686",0.653116439215686
"X0.364982247058824",0.364982247058824
"X0.362645078431373",0.362645078431373
"X0.390249725490196",0.390249725490196
"X0.586428149019608",0.586428149019608
"X0.46647551372549",0.46647551372549
"X0.431049121568627",0.431049121568627
"X0.518370831372549",0.518370831372549
"X0.606886964705882",0.606886964705882
"X0.636706690196078",0.636706690196078
"X0.668323129411765",0.668323129411765
"X0.454430701960784",0.454430701960784
"X0.540626329411765",0.540626329411765
"X0.504448945098039",0.504448945098039
"X0.632049364705882",0.632049364705882
"X0.436858647058824",0.436858647058824
"X0.568786549019608",0.568786549019608
"X0.600413588235294",0.600413588235294
"X0.501668211764706",0.501668211764706
"X0.446829945098039",0.446829945098039
"X0.393384564705882",0.393384564705882
"X0.65193702745098",0.65193702745098
"X0.254832494117647",0.254832494117647
"X0.482821529411765",0.482821529411765
"X0.390444976470588",0.390444976470588
"X0.621698945098039",0.621698945098039
"X0.358417470588235",0.358417470588235
"X0.626247909803922",0.626247909803922
"X0.446336423529412",0.446336423529412
"X0.514558364705882",0.514558364705882
"X0.587349329411765",0.587349329411765
"X0.528150239215686",0.528150239215686
"X0.635780658823529",0.635780658823529
"X0.625317454901961",0.625317454901961
"X0.626779462745098",0.626779462745098
"X0.633522470588235",0.633522470588235
"X0.646554007843137",0.646554007843137
"X0.584489964705882",0.584489964705882
"X0.526352501960784",0.526352501960784
"X0.638054450980392",0.638054450980392
"X0.399048623529412",0.399048623529412
"X0.435107992156863",0.435107992156863
"X0.382714403921569",0.382714403921569
"X0.461917725490196",0.461917725490196
"X0.453055815686275",0.453055815686275
"X0.486266670588235",0.486266670588235
"X0.447427588235294",0.447427588235294
"X0.5334606",0.5334606
"X0.554152196078431",0.554152196078431
"X0.361261643137255",0.361261643137255
"X0.430389137254902",0.430389137254902
"X0.499151258823529",0.499151258823529
"X0.344613635294118",0.344613635294118
"X0.410242650980392",0.410242650980392
"X0.510657129411765",0.510657129411765
"X0.438445396078431",0.438445396078431
"X0.44358462745098",0.44358462745098
"X0.416097360784314",0.416097360784314
"X0.260193133333333",0.260193133333333
"X0.524911662745098",0.524911662745098
"X0.449885117647059",0.449885117647059
"X0.613402305882353",0.613402305882353
"X0.453106509803922",0.453106509803922
"X0.432443647058824",0.432443647058824
"X0.431619996078431",0.431619996078431
"X0.585933698039216",0.585933698039216
"X0.432638435294118",0.432638435294118
"X0.338104454901961",0.338104454901961
"X0.536144552941176",0.536144552941176
"X0.71771831372549",0.71771831372549
"X0.305046341176471",0.305046341176471
"X0.552031678431373",0.552031678431373
"X0.434747007843137",0.434747007843137
"X0.512659490196078",0.512659490196078
"X0.438127435294118",0.438127435294118
"X0.497225560784314",0.497225560784314
"X0.586618701960784",0.586618701960784
"X0.464520552941176",0.464520552941176
"X0.538332098039216",0.538332098039216
"X0.602969552941176",0.602969552941176
"X0.624463098039216",0.624463098039216
"X0.571678282352941",0.571678282352941
"X0.385502050980392",0.385502050980392
"X0.588398101960784",0.588398101960784
"X0.484393576470588",0.484393576470588
"X0.428827117647059",0.428827117647059
"X0.586482611764706",0.586482611764706
"X0.311986101960784",0.311986101960784
"X0.47305191372549",0.47305191372549
"X0.491465411764706",0.491465411764706
"X0.621983803921569",0.621983803921569
"X0.453185682352941",0.453185682352941
"X0.560398784313725",0.560398784313725
"X0.672174650980392",0.672174650980392
"X0.548803945098039",0.548803945098039
"X0.555939556862745",0.555939556862745
"X0.31521791372549",0.31521791372549
"X0.563519121568627",0.563519121568627
"X0.691969298039216",0.691969298039216
"X0.631145717647059",0.631145717647059
"X0.670780984313725",0.670780984313725
"X0.380291588235294",0.380291588235294
"X0.328420015686274",0.328420015686274
"X0.365959921568627",0.365959921568627
"X0.605509501960784",0.605509501960784
"X0.573226788235294",0.573226788235294
"X0.451987992156863",0.451987992156863
"X0.51992222745098",0.51992222745098
"X0.526051701960784",0.526051701960784
"X0.654052878431372",0.654052878431372
"X0.433712560784314",0.433712560784314
"X0.529952615686274",0.529952615686274
"X0.418862729411765",0.418862729411765
"X0.516955705882353",0.516955705882353
"X0.491635435294118",0.491635435294118
"X0.680365274509804",0.680365274509804
"X0.436857235294118",0.436857235294118
"X0.64105937254902",0.64105937254902
"X0.298509415686275",0.298509415686275
"X0.423693082352941",0.423693082352941
"X0.457558364705882",0.457558364705882
"X0.451930466666667",0.451930466666667
"X0.455742650980392",0.455742650980392
"X0.367340890196078",0.367340890196078
"X0.621738250980392",0.621738250980392
"X0.529332898039216",0.529332898039216
"X0.480019819607843",0.480019819607843
"X0.519161690196078",0.519161690196078
"X0.621738160784314",0.621738160784314
"X0.497286431372549",0.497286431372549
"X0.58110922745098",0.58110922745098
"X0.484110325490196",0.484110325490196
"X0.686323117647059",0.686323117647059
"X0.400076192156863",0.400076192156863
"X0.512264988235294",0.512264988235294
"X0.617532345098039",0.617532345098039
"X0.701089133333333",0.701089133333333
"X0.463762309803922",0.463762309803922
"X0.512047356862745",0.512047356862745
"X0.45910602745098",0.45910602745098
"X0.572544376470588",0.572544376470588
"X0.433965996078431",0.433965996078431
"X0.689117666666667",0.689117666666667
"X0.569654643137255",0.569654643137255
"X0.368896639215686",0.368896639215686
"X0.243649435294118",0.243649435294118
"X0.418469345098039",0.418469345098039
"X0.476766709803922",0.476766709803922
"X0.438291552941176",0.438291552941176
"X0.712931850980392",0.712931850980392
"X0.307936862745098",0.307936862745098
"X0.364921164705882",0.364921164705882
"X0.574251811764706",0.574251811764706
"X0.408433968627451",0.408433968627451
"X0.57478091372549",0.57478091372549
"X0.592853007843137",0.592853007843137
"X0.573221639215686",0.573221639215686
"X0.633154015686274",0.633154015686274
"X0.396365843137255",0.396365843137255
"X0.435539003921569",0.435539003921569
"X0.375185596078431",0.375185596078431
"X0.63582077254902",0.63582077254902
"X0.627866909803922",0.627866909803922
"X0.677371309803922",0.677371309803922
"X0.449445949019608",0.449445949019608
"X0.418779925490196",0.418779925490196
"X0.600382094117647",0.600382094117647
"X0.446238015686275",0.446238015686275
"X0.353217478431373",0.353217478431373
"X0.281579670588235",0.281579670588235
"X0.506456047058824",0.506456047058824
"X0.370050866666667",0.370050866666667
"X0.413745745098039",0.413745745098039
"X0.636432074509804",0.636432074509804
"X0.525845466666667",0.525845466666667
"X0.492238529411765",0.492238529411765
"X0.540418698039216",0.540418698039216
"X0.565034419607843",0.565034419607843
"X0.493094607843137",0.493094607843137
"X0.315709462745098",0.315709462745098
"X0.639480956862745",0.639480956862745
"X0.573187439215686",0.573187439215686
"X0.634739788235294",0.634739788235294
"X0.352514419607843",0.352514419607843
"X0.572078309803922",0.572078309803922
"X0.470105615686275",0.470105615686275
"X0.490532309803922",0.490532309803922
"X0.553132843137255",0.553132843137255
"X0.544035003921569",0.544035003921569
"X0.524675992156863",0.524675992156863
"X0.721045243137255",0.721045243137255
"X0.557025976470588",0.557025976470588
"X0.512667094117647",0.512667094117647
"X0.447759839215686",0.447759839215686
"X0.393691541176471",0.393691541176471
"X0.423426690196078",0.423426690196078
"X0.49957708627451",0.49957708627451
"X0.548763043137255",0.548763043137255
"X0.533358623529412",0.533358623529412
"X0.607496317647059",0.607496317647059
"X0.349635619607843",0.349635619607843
"X0.551826007843137",0.551826007843137
"X0.536565694117647",0.536565694117647
"X0.671716529411765",0.671716529411765
"X0.684812196078431",0.684812196078431
"X0.552919105882353",0.552919105882353
"X0.368967250980392",0.368967250980392
"X0.396742831372549",0.396742831372549
"X0.476027149019608",0.476027149019608
"X0.580488752941177",0.580488752941177
"X0.322208552941176",0.322208552941176
"X0.456603435294118",0.456603435294118
"X0.493174752941176",0.493174752941176
"X0.411224721568627",0.411224721568627
"X0.383308309803922",0.383308309803922
"X0.397754282352941",0.397754282352941
"X0.424560443137255",0.424560443137255
"X0.479437788235294",0.479437788235294
"X0.539451909803922",0.539451909803922
"X0.643277494117647",0.643277494117647
"X0.31383068627451",0.31383068627451
"X0.476977207843137",0.476977207843137
"X0.541458525490196",0.541458525490196
"X0.447210890196078",0.447210890196078
"X0.632774929411765",0.632774929411765
"X0.365758670588235",0.365758670588235
"X0.428948050980392",0.428948050980392
"X0.570262584313725",0.570262584313725
"X0.261167752941177",0.261167752941177
"X0.379813007843137",0.379813007843137
"X0.51878591372549",0.51878591372549
"X0.408982396078431",0.408982396078431
"X0.476996701960784",0.476996701960784
"X0.405714160784314",0.405714160784314
"X0.401053850980392",0.401053850980392
"X0.588959070588235",0.588959070588235
"X0.612219423529412",0.612219423529412
"X0.502451047058823",0.502451047058823
"X0.630318964705882",0.630318964705882
"X0.613033596078431",0.613033596078431
"X0.54993797254902",0.54993797254902
"X0.548206666666667",0.548206666666667
"X0.544311262745098",0.544311262745098
"X0.458506964705882",0.458506964705882
"X0.490696784313725",0.490696784313725
"X0.678003325490196",0.678003325490196
"X0.534220149019608",0.534220149019608
"X0.540619980392157",0.540619980392157
"X0.352651831372549",0.352651831372549
"X0.508753207843137",0.508753207843137
"X0.339198243137255",0.339198243137255
"X0.462013035294118",0.462013035294118
"X0.705485717647059",0.705485717647059
"X0.393116545098039",0.393116545098039
"X0.537169368627451",0.537169368627451
"X0.304767764705882",0.304767764705882
"X0.54863257254902",0.54863257254902
"X0.417532466666667",0.417532466666667
"X0.460172776470588",0.460172776470588
"X0.54429708627451",0.54429708627451
"X0.523939866666667",0.523939866666667
"X0.688140211764706",0.688140211764706
"X0.528090776470588",0.528090776470588
"X0.403174917647059",0.403174917647059
"X0.459799047058824",0.459799047058824
"X0.289462670588235",0.289462670588235
"X0.451487996078431",0.451487996078431
"X0.426213866666667",0.426213866666667
"X0.492795019607843",0.492795019607843
"X0.472767509803922",0.472767509803922
"X0.319911968627451",0.319911968627451
"X0.347324588235294",0.347324588235294
"X0.461764356862745",0.461764356862745
"X0.659055141176471",0.659055141176471
"X0.394740192156863",0.394740192156863
"X0.668127439215686",0.668127439215686
"X0.341816423529412",0.341816423529412
"X0.522294729411765",0.522294729411765
"X0.598707054901961",0.598707054901961
"X0.59968802745098",0.59968802745098
"X0.420074956862745",0.420074956862745
"X0.477642149019608",0.477642149019608
"X0.398403658823529",0.398403658823529
"X0.333887305882353",0.333887305882353
"X0.526273678431373",0.526273678431373
"X0.501644741176471",0.501644741176471
"X0.420062137254902",0.420062137254902
"X0.469967768627451",0.469967768627451
"X0.444708501960784",0.444708501960784
"X0.555371596078431",0.555371596078431
"X0.514554054901961",0.514554054901961
"X0.504953274509804",0.504953274509804
"X0.461166305882353",0.461166305882353
"X0.5084312",0.5084312
"X0.486406490196078",0.486406490196078
"X0.549468368627451",0.549468368627451
"X0.446591239215686",0.446591239215686
"X0.351503305882353",0.351503305882353
"X0.638296270588235",0.638296270588235
"X0.716601050980392",0.716601050980392
"X0.38059871372549",0.38059871372549
"X0.544384454901961",0.544384454901961
"X0.568228960784314",0.568228960784314
"X0.385545611764706",0.385545611764706
"X0.559423337254902",0.559423337254902
"X0.528089388235294",0.528089388235294
"X0.406469678431373",0.406469678431373
"X0.595879329411765",0.595879329411765
"X0.7374296",0.7374296
"X0.471911898039216",0.471911898039216
"X0.598419133333333",0.598419133333333
"X0.681324560784314",0.681324560784314
"X0.416518941176471",0.416518941176471
"X0.504552635294118",0.504552635294118
"X0.357868196078431",0.357868196078431
"X0.537886494117647",0.537886494117647
"X0.377866121568627",0.377866121568627
"X0.537662078431373",0.537662078431373
"X0.476748125490196",0.476748125490196
"X0.462354694117647",0.462354694117647
"X0.513617431372549",0.513617431372549
"X0.41831791372549",0.41831791372549
"X0.658951243137255",0.658951243137255
"X0.538283137254902",0.538283137254902
"X0.5727064",0.5727064
"X0.515343658823529",0.515343658823529
"X0.611001090196078",0.611001090196078
"X0.578720619607843",0.578720619607843
"X0.554575603921569",0.554575603921569
"X0.4282202",0.4282202
"X0.546554890196078",0.546554890196078
"X0.42303131372549",0.42303131372549
"X0.598124270588235",0.598124270588235
"X0.577273898039216",0.577273898039216
"X0.462252596078431",0.462252596078431
"X0.51560857254902",0.51560857254902
"X0.36089782745098",0.36089782745098
"X0.517708250980392",0.517708250980392
"X0.456778141176471",0.456778141176471
"X0.470397760784314",0.470397760784314
"X0.549828650980392",0.549828650980392
"X0.798468843137255",0.798468843137255
"X0.4671542",0.4671542
"X0.390909129411765",0.390909129411765
"X0.466635466666667",0.466635466666667
"X0.50359308627451",0.50359308627451
"X0.50277768627451",0.50277768627451
"X0.460895321568627",0.460895321568627
"X0.551949960784314",0.551949960784314
"X0.452663560784314",0.452663560784314
"X0.348306607843137",0.348306607843137
"X0.455799839215686",0.455799839215686
"X0.498104956862745",0.498104956862745
"X0.631119905882353",0.631119905882353
"X0.530537635294118",0.530537635294118
"X0.410158894117647",0.410158894117647
"X0.441487898039216",0.441487898039216
"X0.697654525490196",0.697654525490196
"X0.618095498039216",0.618095498039216
"X0.373681329411765",0.373681329411765
"X0.489561788235294",0.489561788235294
"X0.394870588235294",0.394870588235294
"X0.407214537254902",0.407214537254902
"X0.579625156862745",0.579625156862745
"X0.379793250980392",0.379793250980392
"X0.40926357254902",0.40926357254902
"X0.762632964705882",0.762632964705882
"X0.453515937254902",0.453515937254902
"X0.414463066666667",0.414463066666667
"X0.565853670588235",0.565853670588235
"X0.509746129411765",0.509746129411765
"X0.400496890196078",0.400496890196078
"X0.503880129411765",0.503880129411765
"X0.397328537254902",0.397328537254902
"X0.524072596078431",0.524072596078431
"X0.383619984313726",0.383619984313726
"X0.41902888627451",0.41902888627451
"X0.366977952941176",0.366977952941176
"X0.332433737254902",0.332433737254902
"X0.397807949019608",0.397807949019608
"X0.433513717647059",0.433513717647059
"X0.537237160784314",0.537237160784314
"X0.544853368627451",0.544853368627451
"X0.386387819607843",0.386387819607843
"X0.433278215686275",0.433278215686275
"X0.599846843137255",0.599846843137255
"X0.552382803921569",0.552382803921569
"X0.504291207843137",0.504291207843137
"X0.567943235294118",0.567943235294118
"X0.611771933333333",0.611771933333333
"X0.427784682352941",0.427784682352941
"X0.30147877254902",0.30147877254902
"X0.604438478431373",0.604438478431373
"X0.428478243137255",0.428478243137255
"X0.463862909803922",0.463862909803922
"X0.702416537254902",0.702416537254902
"X0.526881580392157",0.526881580392157
"X0.608285458823529",0.608285458823529
"X0.375530447058824",0.375530447058824
"X0.294605062745098",0.294605062745098
"X0.528363952941176",0.528363952941176
"X0.447735125490196",0.447735125490196
"X0.425534337254902",0.425534337254902
"X0.48389748627451",0.48389748627451
"X0.517183949019608",0.517183949019608
"X0.527432125490196",0.527432125490196
"X0.257986294117647",0.257986294117647
"X0.59593362745098",0.59593362745098
"X0.630668945098039",0.630668945098039
"X0.653013556862745",0.653013556862745
"X0.342494619607843",0.342494619607843
"X0.704343745098039",0.704343745098039
"X0.52115468627451",0.52115468627451
"X0.546107266666667",0.546107266666667
"X0.612453203921569",0.612453203921569
"X0.424571894117647",0.424571894117647
"X0.448485603921569",0.448485603921569
"X0.598736180392157",0.598736180392157
"X0.542468443137255",0.542468443137255
"X0.441182258823529",0.441182258823529
"X0.663522729411765",0.663522729411765
"X0.430573105882353",0.430573105882353
"X0.496485862745098",0.496485862745098
"X0.367197176470588",0.367197176470588
"X0.508677917647059",0.508677917647059
"X0.375697552941176",0.375697552941176
"X0.582053898039216",0.582053898039216
"X0.540288325490196",0.540288325490196
"X0.428189823529412",0.428189823529412
"X0.5909758",0.5909758
"X0.531585094117647",0.531585094117647
"X0.470746835294118",0.470746835294118
"X0.546530219607843",0.546530219607843
"X0.469506176470588",0.469506176470588
"X0.467781949019608",0.467781949019608
"X0.496480337254902",0.496480337254902
"X0.503927003921569",0.503927003921569
"X0.519577745098039",0.519577745098039
"X0.511279635294118",0.511279635294118
"X0.524829498039216",0.524829498039216
"X0.431324176470588",0.431324176470588
"X0.591201368627451",0.591201368627451
"X0.415474988235294",0.415474988235294
"X0.586526184313725",0.586526184313725
"X0.451675031372549",0.451675031372549
"X0.54680017254902",0.54680017254902
"X0.518681329411765",0.518681329411765
"X0.502547941176471",0.502547941176471
"X0.622455003921569",0.622455003921569
"X0.458365674509804",0.458365674509804
"X0.601998101960784",0.601998101960784
"X0.617702494117647",0.617702494117647
"X0.536796443137255",0.536796443137255
"X0.521058411764706",0.521058411764706
"X0.407035670588235",0.407035670588235
"X0.675815274509804",0.675815274509804
"X0.53962311372549",0.53962311372549
"X0.532324101960784",0.532324101960784
"X0.475377254901961",0.475377254901961
"X0.457597101960784",0.457597101960784
"X0.396084584313726",0.396084584313726
"X0.475563431372549",0.475563431372549
"X0.542903152941177",0.542903152941177
"X0.53661951372549",0.53661951372549
"X0.584050517647059",0.584050517647059
"X0.621880698039216",0.621880698039216
"X0.536196094117647",0.536196094117647
"X0.408073701960784",0.408073701960784
"X0.346201803921569",0.346201803921569
"X0.662105423529412",0.662105423529412
"X0.450021333333333",0.450021333333333
"X0.468523109803922",0.468523109803922
"X0.518348419607843",0.518348419607843
"X0.521391270588235",0.521391270588235
"X0.589451243137255",0.589451243137255
"X0.449184239215686",0.449184239215686
"X0.440327321568627",0.440327321568627
"X0.575152956862745",0.575152956862745
"X0.45433851372549",0.45433851372549
"X0.535669631372549",0.535669631372549
"X0.38351602745098",0.38351602745098
"X0.504678258823529",0.504678258823529
"X0.551904980392157",0.551904980392157
"X0.719679070588235",0.719679070588235
"X0.665226125490196",0.665226125490196
"X0.4885508",0.4885508
"X0.638231368627451",0.638231368627451
"X0.69158877254902",0.69158877254902
"X0.658666905882353",0.658666905882353
"X0.485187905882353",0.485187905882353
"X0.369962603921569",0.369962603921569
"X0.488062282352941",0.488062282352941
"X0.512606156862745",0.512606156862745
"X0.612154109803922",0.612154109803922
"X0.584263380392157",0.584263380392157
"X0.736806007843137",0.736806007843137
"X0.629992388235294",0.629992388235294
"X0.428322925490196",0.428322925490196
"X0.413703749019608",0.413703749019608
"X0.71458931372549",0.71458931372549
"X0.531604125490196",0.531604125490196
"X0.401460043137255",0.401460043137255
"X0.604184337254902",0.604184337254902
"X0.42642608627451",0.42642608627451
"X0.738962670588235",0.738962670588235
"X0.635696443137255",0.635696443137255
"X0.49614022745098",0.49614022745098
"X0.75710962745098",0.75710962745098
"X0.51337842745098",0.51337842745098
"X0.477274364705882",0.477274364705882
"X0.542447541176471",0.542447541176471
"X0.424905890196078",0.424905890196078
"X0.340761501960784",0.340761501960784
"X0.676440556862745",0.676440556862745
"X0.479209529411765",0.479209529411765
"X0.513236725490196",0.513236725490196
"X0.648333756862745",0.648333756862745
"X0.676771564705882",0.676771564705882
"X0.587588356862745",0.587588356862745
"X0.365533709803922",0.365533709803922
"X0.624262247058823",0.624262247058823
"X0.573902862745098",0.573902862745098
"X0.71625328627451",0.71625328627451
"X0.638365435294118",0.638365435294118
"X0.538995203921569",0.538995203921569
"X0.599386129411765",0.599386129411765
"X0.531604729411765",0.531604729411765
"X0.428375035294118",0.428375035294118
"X0.475452478431373",0.475452478431373
"X0.6251444",0.6251444
"X0.548510949019608",0.548510949019608
"X0.599562854901961",0.599562854901961
"X0.685459282352941",0.685459282352941
"X0.722182588235294",0.722182588235294
"X0.613629388235294",0.613629388235294
"X0.374820098039216",0.374820098039216
"X0.681230901960784",0.681230901960784
"X0.635888145098039",0.635888145098039
"X0.643939580392157",0.643939580392157
"X0.709502670588235",0.709502670588235
"X0.711899160784314",0.711899160784314
"X0.658172749019608",0.658172749019608
"X0.651086866666667",0.651086866666667
"X0.668473721568627",0.668473721568627
"X0.517716",0.517716
"X0.72243997254902",0.72243997254902
"X0.367097721568627",0.367097721568627
"X0.669439662745098",0.669439662745098
"X0.723099537254902",0.723099537254902
"X0.630521678431373",0.630521678431373
"X0.562172890196078",0.562172890196078
"X0.566457270588235",0.566457270588235
"X0.584060545098039",0.584060545098039
"X0.524748282352941",0.524748282352941
"X0.62912177254902",0.62912177254902
"X0.646258129411765",0.646258129411765
"X0.631157749019608",0.631157749019608
"X0.329588337254902",0.329588337254902
"X0.573028501960784",0.573028501960784
"X0.551482721568627",0.551482721568627
"X0.591165729411765",0.591165729411765
"X0.485032439215686",0.485032439215686
"X0.661653635294118",0.661653635294118
"X0.625007458823529",0.625007458823529
"X0.389119231372549",0.389119231372549
"X0.70413728627451",0.70413728627451
"X0.620493482352941",0.620493482352941
"X0.503388729411765",0.503388729411765
"X0.380817321568627",0.380817321568627
"X0.628736854901961",0.628736854901961
"X0.705437568627451",0.705437568627451
"X0.624790678431373",0.624790678431373
"X0.672066988235294",0.672066988235294
"X0.714123898039216",0.714123898039216
"X0.504450584313725",0.504450584313725
"X0.354042125490196",0.354042125490196
"X0.545107890196078",0.545107890196078
"X0.511564945098039",0.511564945098039
"X0.595715325490196",0.595715325490196
"X0.457165282352941",0.457165282352941
"X0.667856290196078",0.667856290196078
"X0.714931819607843",0.714931819607843
"X0.599956584313725",0.599956584313725
"X0.621767454901961",0.621767454901961
"X0.521573949019608",0.521573949019608
"X0.563467501960784",0.563467501960784
"X0.562136439215686",0.562136439215686
"X0.454301050980392",0.454301050980392
"X0.739383117647059",0.739383117647059
"X0.537724705882353",0.537724705882353
"X0.659991517647059",0.659991517647059
"X0.319589109803922",0.319589109803922
"X0.564637737254902",0.564637737254902
"X0.548352156862745",0.548352156862745
"X0.579090603921569",0.579090603921569
"X0.702202694117647",0.702202694117647
"X0.482934650980392",0.482934650980392
"X0.468902215686274",0.468902215686274
"X0.463654329411765",0.463654329411765
"X0.511538756862745",0.511538756862745
"X0.443992109803922",0.443992109803922
"X0.624942470588235",0.624942470588235
"X0.652181909803922",0.652181909803922
"X0.657080215686275",0.657080215686275
"X0.466287337254902",0.466287337254902
"X0.658512694117647",0.658512694117647
"X0.529229133333333",0.529229133333333
"X0.672372862745098",0.672372862745098
"X0.467099380392157",0.467099380392157
"X0.77544977254902",0.77544977254902
"X0.792692858823529",0.792692858823529
"X0.572223211764706",0.572223211764706
"X0.460686631372549",0.460686631372549
"X0.524498874509804",0.524498874509804
"X0.505751607843137",0.505751607843137
"X0.426434811764706",0.426434811764706
"X0.626500541176471",0.626500541176471
"X0.45688517254902",0.45688517254902
"X0.594443678431373",0.594443678431373
"X0.556433156862745",0.556433156862745
"X0.60892151372549",0.60892151372549
"X0.38812382745098",0.38812382745098
"X0.538469831372549",0.538469831372549
"X0.574827407843137",0.574827407843137
"X0.538952298039216",0.538952298039216
"X0.538037537254902",0.538037537254902
"X0.591319717647059",0.591319717647059
"X0.540975231372549",0.540975231372549
"X0.579849356862745",0.579849356862745
"X0.464486811764706",0.464486811764706
"X0.414129156862745",0.414129156862745
"X0.387441478431373",0.387441478431373
"X0.556755937254902",0.556755937254902
"X0.43115591372549",0.43115591372549
"X0.437005325490196",0.437005325490196
"X0.524193862745098",0.524193862745098
"X0.547321058823529",0.547321058823529
"X0.366921168627451",0.366921168627451
"X0.416974176470588",0.416974176470588
"X0.513577329411765",0.513577329411765
"X0.447797490196078",0.447797490196078
"X0.450728176470588",0.450728176470588
"X0.447415752941176",0.447415752941176
"X0.343290596078431",0.343290596078431
"X0.401207705882353",0.401207705882353
"X0.584127964705882",0.584127964705882
"X0.467449623529412",0.467449623529412
"X0.402966792156863",0.402966792156863
"X0.284016611764706",0.284016611764706
"X0.445980925490196",0.445980925490196
"X0.514538117647059",0.514538117647059
"X0.332355015686275",0.332355015686275
"X0.44231908627451",0.44231908627451
"X0.417028121568627",0.417028121568627
"X0.451617470588235",0.451617470588235
"X0.389426694117647",0.389426694117647
"X0.371841709803922",0.371841709803922
"X0.73317251372549",0.73317251372549
"X0.466735054901961",0.466735054901961
"X0.522940129411765",0.522940129411765
"X0.691834007843137",0.691834007843137
"X0.399536407843137",0.399536407843137
"X0.586943494117647",0.586943494117647
"X0.411053207843137",0.411053207843137
"X0.411815396078431",0.411815396078431
"X0.462438098039216",0.462438098039216
"X0.527626196078431",0.527626196078431
"X0.589357168627451",0.589357168627451
"X0.590691729411765",0.590691729411765
"X0.445761564705882",0.445761564705882
"X0.376374615686275",0.376374615686275
"X0.3439522",0.3439522
"X0.535686478431373",0.535686478431373
"X0.446588862745098",0.446588862745098
"X0.451628733333333",0.451628733333333
"X0.563582141176471",0.563582141176471
"X0.626913890196078",0.626913890196078
"X0.352009835294118",0.352009835294118
"X0.407542647058824",0.407542647058824
"X0.613268984313725",0.613268984313725
"X0.673540623529412",0.673540623529412
"X0.609087956862745",0.609087956862745
"X0.471964180392157",0.471964180392157
"X0.69146848627451",0.69146848627451
"X0.705145349019608",0.705145349019608
"X0.665383105882353",0.665383105882353
"X0.584275364705882",0.584275364705882
"X0.494551862745098",0.494551862745098
"X0.677181682352941",0.677181682352941
"X0.473970462745098",0.473970462745098
"X0.420540247058824",0.420540247058824
"X0.805998505882353",0.805998505882353
"X0.644050631372549",0.644050631372549
"X0.683666450980392",0.683666450980392
"X0.687910082352941",0.687910082352941
"X0.55699317254902",0.55699317254902
"X0.581356807843137",0.581356807843137
"X0.587144415686275",0.587144415686275
"X0.569619439215686",0.569619439215686
"X0.637627074509804",0.637627074509804
"X0.641419294117647",0.641419294117647
"X0.499102654901961",0.499102654901961
"X0.427395125490196",0.427395125490196
"X0.505004729411765",0.505004729411765
"X0.583563317647059",0.583563317647059
"X0.657906098039216",0.657906098039216
"X0.461586388235294",0.461586388235294
"X0.630233247058824",0.630233247058824
"X0.703175529411765",0.703175529411765
"X0.461917168627451",0.461917168627451
"X0.712460239215686",0.712460239215686
"X0.597149545098039",0.597149545098039
"X0.476192470588235",0.476192470588235
"X0.562464854901961",0.562464854901961
"X0.715202082352941",0.715202082352941
"X0.663373541176471",0.663373541176471
"X0.617767874509804",0.617767874509804
"X0.596675058823529",0.596675058823529
"X0.739968505882353",0.739968505882353
"X0.520389611764706",0.520389611764706
"X0.588942839215686",0.588942839215686
"X0.788918133333333",0.788918133333333
"X0.710959988235294",0.710959988235294
"X0.501205721568627",0.501205721568627
"X0.803822141176471",0.803822141176471
"X0.665101545098039",0.665101545098039
"X0.731040784313726",0.731040784313726
"X0.657592419607843",0.657592419607843
"X0.590938639215686",0.590938639215686
"X0.684450815686275",0.684450815686275
"X0.786744388235294",0.786744388235294
"X0.724381905882353",0.724381905882353
"X0.656242960784314",0.656242960784314
"X0.727341988235294",0.727341988235294
"X0.558298290196078",0.558298290196078
"X0.67291462745098",0.67291462745098
"X0.703446031372549",0.703446031372549
"X0.673521952941176",0.673521952941176
"X0.669896611764706",0.669896611764706
"X0.659052909803922",0.659052909803922
"X0.708995160784314",0.708995160784314
"X0.68046322745098",0.68046322745098
"X0.60717291372549",0.60717291372549
"X0.720098258823529",0.720098258823529
"X0.646319403921569",0.646319403921569
"X0.411051015686275",0.411051015686275
"X0.784930317647059",0.784930317647059
"X0.739005364705882",0.739005364705882
"X0.716980564705882",0.716980564705882
"X0.640037078431372",0.640037078431372
"X0.634827384313725",0.634827384313725
"X0.679930768627451",0.679930768627451
"X0.714086815686275",0.714086815686275
"X0.731439643137255",0.731439643137255
"X0.785696682352941",0.785696682352941
"X0.490783776470588",0.490783776470588
